Workbook

Sheet Set Summary
A1: Discontinuity set | B1: Readings (n) | C1: Outcrops | D1: Mean dip direction (°) | E1: Mean dip angle (°) | F1: Interpretation
A2: Set 1 (candidate bedding) | B2: =COUNTIF(Readings!F:F,A2) -> 33 | C2: 10 | D2: =ROUND(MOD(DEGREES(ATAN2(SUMIF(Readings!F:F,A2,Readings!H:H),SUMIF(Readings!F:F,A2,Readings!G:G))),360),0) -> 327 | E2: =ROUND(AVERAGEIF(Readings!F:F,A2,Readings!E:E),0) -> 42 | F2: Moderate dip, present at most outcrops, most-recorded plane — strongest candidate for bedding. Confirm against field log "Type" entries.
A3: Set 2 | B3: =COUNTIF(Readings!F:F,A3) -> 25 | C3: 9 | D3: =ROUND(MOD(DEGREES(ATAN2(SUMIF(Readings!F:F,A3,Readings!H:H),SUMIF(Readings!F:F,A3,Readings!G:G))),360),0) -> 146 | E3: =ROUND(AVERAGEIF(Readings!F:F,A3,Readings!E:E),0) -> 61 | F3: Moderate-steep, second most widespread — possible secondary joint set or second bedding population; check field notes.
A4: Set 3 | B4: =COUNTIF(Readings!F:F,A4) -> 18 | C4: 7 | D4: =ROUND(MOD(DEGREES(ATAN2(SUMIF(Readings!F:F,A4,Readings!H:H),SUMIF(Readings!F:F,A4,Readings!G:G))),360),0) -> 62 | E4: =ROUND(AVERAGEIF(Readings!F:F,A4,Readings!E:E),0) -> 70 | F4: Steep, recurs across many outcrops regardless of local lithology — consistent with a regional tectonic joint set, not bedding.
A5: Set 4 | B5: =COUNTIF(Readings!F:F,A5) -> 22 | C5: 9 | D5: =ROUND(MOD(DEGREES(ATAN2(SUMIF(Readings!F:F,A5,Readings!H:H),SUMIF(Readings!F:F,A5,Readings!G:G))),360),0) -> 234 | E5: =ROUND(AVERAGEIF(Readings!F:F,A5,Readings!E:E),0) -> 81 | F5: Near-vertical, widespread — consistent with a regional tectonic joint set, not bedding.
A7: Sets identified by clustering pole vectors (angular separation between planes) from 98 field readings across 12 outcrops. "Outcrops" and set assignment computed externally (Python/scikit-learn KMeans on pole vectors) — not reproducible as a native Excel formula, so recorded as a value here.

Sheet Readings
A1: Outcrop | B1: Latitude | C1: Longitude | D1: Dip direction (°) | E1: Dip angle (°) | F1: Discontinuity set | G1: sin(dip dir) | H1: cos(dip dir)
A2: Outcrop 1 | B2: 50.733643 | C2: 6.177665 | D2: 310 | E2: 25 | F2: Set 1 (candidate bedding) | G2: =SIN(RADIANS(D2)) -> -0.76604444 | H2: =COS(RADIANS(D2)) -> 0.64278761
A3: Outcrop 1 | B3: 50.733643 | C3: 6.177665 | D3: 310 | E3: 35 | F3: Set 1 (candidate bedding) | G3: =SIN(RADIANS(D3)) -> -0.76604444 | H3: =COS(RADIANS(D3)) -> 0.64278761
A4: Outcrop 1 | B4: 50.733643 | C4: 6.177665 | D4: 320 | E4: 30 | F4: Set 1 (candidate bedding) | G4: =SIN(RADIANS(D4)) -> -0.64278761 | H4: =COS(RADIANS(D4)) -> 0.76604444
A5: Outcrop 1 | B5: 50.733643 | C5: 6.177665 | D5: 300 | E5: 32 | F5: Set 1 (candidate bedding) | G5: =SIN(RADIANS(D5)) -> -0.8660254 | H5: =COS(RADIANS(D5)) -> 0.5
A6: Outcrop 1 | B6: 50.733643 | C6: 6.177665 | D6: 142 | E6: 55 | F6: Set 2 | G6: =SIN(RADIANS(D6)) -> 0.61566148 | H6: =COS(RADIANS(D6)) -> -0.78801075
A7: Outcrop 1 | B7: 50.733643 | C7: 6.177665 | D7: 168 | E7: 52 | F7: Set 2 | G7: =SIN(RADIANS(D7)) -> 0.20791169 | H7: =COS(RADIANS(D7)) -> -0.9781476
A8: Outcrop 1 | B8: 50.733643 | C8: 6.177665 | D8: 145 | E8: 65 | F8: Set 2 | G8: =SIN(RADIANS(D8)) -> 0.57357644 | H8: =COS(RADIANS(D8)) -> -0.81915204
A9: Outcrop 1 | B9: 50.733643 | C9: 6.177665 | D9: 145 | E9: 85 | F9: Set 2 | G9: =SIN(RADIANS(D9)) -> 0.57357644 | H9: =COS(RADIANS(D9)) -> -0.81915204
A10: Outcrop 1 | B10: 50.733643 | C10: 6.177665 | D10: 28 | E10: 80 | F10: Set 3 | G10: =SIN(RADIANS(D10)) -> 0.46947156 | H10: =COS(RADIANS(D10)) -> 0.88294759
A11: Outcrop 1 | B11: 50.733643 | C11: 6.177665 | D11: 48 | E11: 85 | F11: Set 3 | G11: =SIN(RADIANS(D11)) -> 0.74314483 | H11: =COS(RADIANS(D11)) -> 0.66913061
A12: Outcrop 1 | B12: 50.733643 | C12: 6.177665 | D12: 34 | E12: 88 | F12: Set 3 | G12: =SIN(RADIANS(D12)) -> 0.5591929 | H12: =COS(RADIANS(D12)) -> 0.82903757
A13: Outcrop 1 | B13: 50.733643 | C13: 6.177665 | D13: 228 | E13: 90 | F13: Set 4 | G13: =SIN(RADIANS(D13)) -> -0.74314483 | H13: =COS(RADIANS(D13)) -> -0.66913061
... A99: Outcrop 9 | B99: 50.703655 | C99: 6.186099 | D99: 155 | E99: 86 | F99: Set 2 | G99: =SIN(RADIANS(D99)) -> 0.42261826 | H99: =COS(RADIANS(D99)) -> -0.90630779
